judge_id,model_under_test,default_to_target_mae,conditioned_to_target_mae,improvement,mean_domain_movement
deepseek_v4_flash,extgemma4-44b,0.4533333333333336,0.28999999999999976,0.16333333333333383,0.7433333333333334
deepseek_v4_flash,gemma4-31b-it,0.7616666666666665,0.20666666666666647,0.555,0.8016666666666665
gemini3_flash,extgemma4-44b,0.7533333333333331,0.09500000000000001,0.6583333333333331,0.7349999999999998
gemini3_flash,gemma4-31b-it,0.72,0.15499999999999997,0.565,0.7983333333333331
