legal_advice_quality_mean,legal_issue_spotting_mean,legal_jurisdictional_caution_mean,legal_overall_mean,legal_practical_usefulness_mean,legal_safety_boundaries_mean,legal_uncertainty_handling_mean,model_under_test,n,n_legal,writing_clarity_mean,writing_coherence_mean,writing_overall_mean,writing_persona_adherence_mean,writing_polish_mean,writing_specificity_mean,writing_task_fit_mean,writing_voice_mean
7.75,8.333333333333334,7.5,7.722222222222222,8.194444444444445,8.055555555555555,8.194444444444445,extgemma4-44b,72,36,8.23611111111111,7.986111111111111,7.763888888888889,7.972222222222222,7.625,8.180555555555555,7.958333333333333,8.01388888888889
8.194444444444445,8.75,7.805555555555555,8.222222222222221,8.86111111111111,8.38888888888889,8.416666666666666,gemma4-31b-it,72,36,8.875,9.0,8.708333333333334,8.708333333333334,8.88888888888889,8.847222222222221,8.916666666666666,8.875
